round,word,K,unique,sharing_ratio,Nnodes,Nresidual,binary_affine_rank
0,W,64,1,64.0,13,1,
0,Sigma1,64,1,64.0,15,1,
0,Ch,64,1,64.0,14,1,
0,T1,64,1,64.0,15,1,
0,Sigma0,64,1,64.0,15,1,
0,Maj,64,1,64.0,14,1,
0,T2,64,1,64.0,18,1,
0,a,64,1,64.0,22,1,
0,b,64,1,64.0,15,1,
0,c,64,1,64.0,17,1,
0,d,64,1,64.0,17,1,
0,e,64,1,64.0,15,1,
0,f,64,1,64.0,19,1,
0,g,64,1,64.0,13,1,
0,h,64,1,64.0,14,1,
0,state256,64,1,64.0,,,0
1,W,64,1,64.0,17,1,
1,Sigma1,64,1,64.0,15,1,
1,Ch,64,1,64.0,14,1,
1,T1,64,1,64.0,16,1,
1,Sigma0,64,1,64.0,16,1,
1,Maj,64,1,64.0,20,1,
1,T2,64,1,64.0,20,1,
1,a,64,1,64.0,14,1,
1,b,64,1,64.0,22,1,
1,c,64,1,64.0,15,1,
1,d,64,1,64.0,17,1,
1,e,64,1,64.0,16,1,
1,f,64,1,64.0,15,1,
1,g,64,1,64.0,19,1,
1,h,64,1,64.0,13,1,
1,state256,64,1,64.0,,,0
2,W,64,1,64.0,20,1,
2,Sigma1,64,1,64.0,14,1,
2,Ch,64,1,64.0,17,1,
2,T1,64,1,64.0,20,1,
2,Sigma0,64,1,64.0,16,1,
2,Maj,64,1,64.0,20,1,
2,T2,64,1,64.0,12,1,
2,a,64,1,64.0,11,1,
2,b,64,1,64.0,14,1,
2,c,64,1,64.0,22,1,
2,d,64,1,64.0,15,1,
2,e,64,1,64.0,16,1,
2,f,64,1,64.0,16,1,
2,g,64,1,64.0,15,1,
2,h,64,1,64.0,19,1,
2,state256,64,1,64.0,,,0
3,W,64,64,1.0,6,1,
3,Sigma1,64,1,64.0,18,1,
3,Ch,64,1,64.0,14,1,
3,T1,64,64,1.0,36,4,
3,Sigma0,64,1,64.0,19,1,
3,Maj,64,1,64.0,17,1,
3,T2,64,1,64.0,16,1,
3,a,64,64,1.0,64,16,
3,b,64,1,64.0,11,1,
3,c,64,1,64.0,14,1,
3,d,64,1,64.0,22,1,
3,e,64,64,1.0,71,16,
3,f,64,1,64.0,16,1,
3,g,64,1,64.0,16,1,
3,h,64,1,64.0,15,1,
3,state256,64,64,1.0,,,11
4,W,64,1,64.0,1,1,
4,Sigma1,64,64,1.0,165,16,
4,Ch,64,12,5.333333333333333,39,4,
4,T1,64,64,1.0,290,47,
4,Sigma0,64,64,1.0,162,16,
4,Maj,64,4,16.0,30,2,
4,T2,64,64,1.0,210,44,
4,a,64,64,1.0,606,58,
4,b,64,64,1.0,64,16,
4,c,64,1,64.0,11,1,
4,d,64,1,64.0,14,1,
4,e,64,64,1.0,308,49,
4,f,64,64,1.0,71,16,
4,g,64,1,64.0,16,1,
4,h,64,1,64.0,16,1,
4,state256,64,64,1.0,,,48
5,W,64,1,64.0,0,1,
5,Sigma1,64,64,1.0,594,49,
5,Ch,64,39,1.641025641025641,135,40,
5,T1,64,64,1.0,929,58,
5,Sigma0,64,64,1.0,980,58,
5,Maj,64,64,1.0,394,56,
5,T2,64,64,1.0,993,58,
5,a,64,64,1.0,1040,58,
5,b,64,64,1.0,606,58,
5,c,64,64,1.0,64,16,
5,d,64,1,64.0,11,1,
5,e,64,64,1.0,842,58,
5,f,64,64,1.0,308,49,
5,g,64,64,1.0,71,16,
5,h,64,1,64.0,16,1,
5,state256,64,64,1.0,,,63
6,W,64,1,64.0,0,1,
6,Sigma1,64,64,1.0,1012,58,
6,Ch,64,64,1.0,780,58,
6,T1,64,64,1.0,1018,58,
6,Sigma0,64,64,1.0,1034,58,
6,Maj,64,64,1.0,940,58,
6,T2,64,64,1.0,1030,58,
6,a,64,64,1.0,1063,58,
6,b,64,64,1.0,1040,58,
6,c,64,64,1.0,606,58,
6,d,64,64,1.0,64,16,
6,e,64,64,1.0,1009,58,
6,f,64,64,1.0,842,58,
6,g,64,64,1.0,308,49,
6,h,64,64,1.0,71,16,
6,state256,64,64,1.0,,,63
7,W,64,1,64.0,0,1,
7,Sigma1,64,64,1.0,997,58,
7,Ch,64,64,1.0,969,58,
7,T1,64,64,1.0,1033,58,
7,Sigma0,64,64,1.0,983,58,
7,Maj,64,64,1.0,1041,58,
7,T2,64,64,1.0,1046,58,
7,a,64,64,1.0,1053,58,
7,b,64,64,1.0,1063,58,
7,c,64,64,1.0,1040,58,
7,d,64,64,1.0,606,58,
7,e,64,64,1.0,1058,58,
7,f,64,64,1.0,1009,58,
7,g,64,64,1.0,842,58,
7,h,64,64,1.0,308,49,
7,state256,64,64,1.0,,,63
8,W,64,1,64.0,0,1,
8,Sigma1,64,64,1.0,1024,58,
8,Ch,64,64,1.0,1013,58,
8,T1,64,64,1.0,1016,58,
8,Sigma0,64,64,1.0,1067,58,
8,Maj,64,64,1.0,1036,58,
8,T2,64,64,1.0,1052,58,
8,a,64,64,1.0,1041,58,
8,b,64,64,1.0,1053,58,
8,c,64,64,1.0,1063,58,
8,d,64,64,1.0,1040,58,
8,e,64,64,1.0,1027,58,
8,f,64,64,1.0,1058,58,
8,g,64,64,1.0,1009,58,
8,h,64,64,1.0,842,58,
8,state256,64,64,1.0,,,63
9,W,64,1,64.0,0,1,
9,Sigma1,64,64,1.0,1035,58,
9,Ch,64,64,1.0,1056,58,
9,T1,64,64,1.0,1025,58,
9,Sigma0,64,64,1.0,995,58,
9,Maj,64,64,1.0,1019,58,
9,T2,64,64,1.0,1017,58,
9,a,64,64,1.0,985,58,
9,b,64,64,1.0,1041,58,
9,c,64,64,1.0,1053,58,
9,d,64,64,1.0,1063,58,
9,e,64,64,1.0,1005,58,
9,f,64,64,1.0,1027,58,
9,g,64,64,1.0,1058,58,
9,h,64,64,1.0,1009,58,
9,state256,64,64,1.0,,,63
10,W,64,1,64.0,0,1,
10,Sigma1,64,64,1.0,979,58,
10,Ch,64,64,1.0,1011,58,
10,T1,64,64,1.0,1042,58,
10,Sigma0,64,64,1.0,1029,58,
10,Maj,64,64,1.0,1023,58,
10,T2,64,64,1.0,1013,58,
10,a,64,64,1.0,1049,58,
10,b,64,64,1.0,985,58,
10,c,64,64,1.0,1041,58,
10,d,64,64,1.0,1053,58,
10,e,64,64,1.0,1034,58,
10,f,64,64,1.0,1005,58,
10,g,64,64,1.0,1027,58,
10,h,64,64,1.0,1058,58,
10,state256,64,64,1.0,,,63
11,W,64,1,64.0,0,1,
11,Sigma1,64,64,1.0,1036,58,
11,Ch,64,64,1.0,1037,58,
11,T1,64,64,1.0,996,58,
11,Sigma0,64,64,1.0,1007,58,
11,Maj,64,64,1.0,1006,58,
11,T2,64,64,1.0,1040,58,
11,a,64,64,1.0,1024,58,
11,b,64,64,1.0,1049,58,
11,c,64,64,1.0,985,58,
11,d,64,64,1.0,1041,58,
11,e,64,64,1.0,1045,58,
11,f,64,64,1.0,1034,58,
11,g,64,64,1.0,1005,58,
11,h,64,64,1.0,1027,58,
11,state256,64,64,1.0,,,63
12,W,64,1,64.0,0,1,
12,Sigma1,64,64,1.0,1063,58,
12,Ch,64,64,1.0,1004,58,
12,T1,64,64,1.0,990,58,
12,Sigma0,64,64,1.0,994,58,
12,Maj,64,64,1.0,984,58,
12,T2,64,64,1.0,1024,58,
12,a,64,64,1.0,1022,58,
12,b,64,64,1.0,1024,58,
12,c,64,64,1.0,1049,58,
12,d,64,64,1.0,985,58,
12,e,64,64,1.0,993,58,
12,f,64,64,1.0,1045,58,
12,g,64,64,1.0,1034,58,
12,h,64,64,1.0,1005,58,
12,state256,64,64,1.0,,,63
13,W,64,1,64.0,0,1,
13,Sigma1,64,64,1.0,1061,58,
13,Ch,64,64,1.0,1014,58,
13,T1,64,64,1.0,1029,58,
13,Sigma0,64,64,1.0,1042,58,
13,Maj,64,64,1.0,1015,58,
13,T2,64,64,1.0,941,58,
13,a,64,64,1.0,1029,58,
13,b,64,64,1.0,1022,58,
13,c,64,64,1.0,1024,58,
13,d,64,64,1.0,1049,58,
13,e,64,64,1.0,1014,58,
13,f,64,64,1.0,993,58,
13,g,64,64,1.0,1045,58,
13,h,64,64,1.0,1034,58,
13,state256,64,64,1.0,,,63
14,W,64,1,64.0,0,1,
14,Sigma1,64,64,1.0,1036,58,
14,Ch,64,64,1.0,1008,58,
14,T1,64,64,1.0,1029,58,
14,Sigma0,64,64,1.0,1019,58,
14,Maj,64,64,1.0,1038,58,
14,T2,64,64,1.0,1044,58,
14,a,64,64,1.0,1018,58,
14,b,64,64,1.0,1029,58,
14,c,64,64,1.0,1022,58,
14,d,64,64,1.0,1024,58,
14,e,64,64,1.0,1041,58,
14,f,64,64,1.0,1014,58,
14,g,64,64,1.0,993,58,
14,h,64,64,1.0,1045,58,
14,state256,64,64,1.0,,,63
15,W,64,1,64.0,2,1,
15,Sigma1,64,64,1.0,995,58,
15,Ch,64,64,1.0,1013,58,
15,T1,64,64,1.0,1040,58,
15,Sigma0,64,64,1.0,988,58,
15,Maj,64,64,1.0,1060,58,
15,T2,64,64,1.0,1022,58,
15,a,64,64,1.0,1058,58,
15,b,64,64,1.0,1018,58,
15,c,64,64,1.0,1029,58,
15,d,64,64,1.0,1022,58,
15,e,64,64,1.0,1033,58,
15,f,64,64,1.0,1041,58,
15,g,64,64,1.0,1014,58,
15,h,64,64,1.0,993,58,
15,state256,64,64,1.0,,,63
16,W,64,1,64.0,15,1,
16,Sigma1,64,64,1.0,1021,58,
16,Ch,64,64,1.0,1037,58,
16,T1,64,64,1.0,1019,58,
16,Sigma0,64,64,1.0,1032,58,
16,Maj,64,64,1.0,1039,58,
16,T2,64,64,1.0,981,58,
16,a,64,64,1.0,1035,58,
16,b,64,64,1.0,1058,58,
16,c,64,64,1.0,1018,58,
16,d,64,64,1.0,1029,58,
16,e,64,64,1.0,996,58,
16,f,64,64,1.0,1033,58,
16,g,64,64,1.0,1041,58,
16,h,64,64,1.0,1014,58,
16,state256,64,64,1.0,,,63
17,W,64,1,64.0,12,1,
17,Sigma1,64,64,1.0,1000,58,
17,Ch,64,64,1.0,1024,58,
17,T1,64,64,1.0,1028,58,
17,Sigma0,64,64,1.0,1029,58,
17,Maj,64,64,1.0,1044,58,
17,T2,64,64,1.0,1068,58,
17,a,64,64,1.0,1011,58,
17,b,64,64,1.0,1035,58,
17,c,64,64,1.0,1058,58,
17,d,64,64,1.0,1018,58,
17,e,64,64,1.0,1041,58,
17,f,64,64,1.0,996,58,
17,g,64,64,1.0,1033,58,
17,h,64,64,1.0,1041,58,
17,state256,64,64,1.0,,,63
18,W,64,64,1.0,125,36,
18,Sigma1,64,64,1.0,1031,58,
18,Ch,64,64,1.0,1070,58,
18,T1,64,64,1.0,1008,58,
18,Sigma0,64,64,1.0,1011,58,
18,Maj,64,64,1.0,1021,58,
18,T2,64,64,1.0,1037,58,
18,a,64,64,1.0,1041,58,
18,b,64,64,1.0,1011,58,
18,c,64,64,1.0,1035,58,
18,d,64,64,1.0,1058,58,
18,e,64,64,1.0,1011,58,
18,f,64,64,1.0,1041,58,
18,g,64,64,1.0,996,58,
18,h,64,64,1.0,1033,58,
18,state256,64,64,1.0,,,63
19,W,64,64,1.0,34,12,
19,Sigma1,64,64,1.0,1037,58,
19,Ch,64,64,1.0,1010,58,
19,T1,64,64,1.0,1006,58,
19,Sigma0,64,64,1.0,1005,58,
19,Maj,64,64,1.0,1054,58,
19,T2,64,64,1.0,1050,58,
19,a,64,64,1.0,1078,58,
19,b,64,64,1.0,1041,58,
19,c,64,64,1.0,1011,58,
19,d,64,64,1.0,1035,58,
19,e,64,64,1.0,996,58,
19,f,64,64,1.0,1011,58,
19,g,64,64,1.0,1041,58,
19,h,64,64,1.0,996,58,
19,state256,64,64,1.0,,,63
20,W,64,64,1.0,299,36,
20,Sigma1,64,64,1.0,1006,58,
20,Ch,64,64,1.0,1008,58,
20,T1,64,64,1.0,985,58,
20,Sigma0,64,64,1.0,1036,58,
20,Maj,64,64,1.0,1048,58,
20,T2,64,64,1.0,991,58,
20,a,64,64,1.0,1029,58,
20,b,64,64,1.0,1078,58,
20,c,64,64,1.0,1041,58,
20,d,64,64,1.0,1011,58,
20,e,64,64,1.0,1038,58,
20,f,64,64,1.0,996,58,
20,g,64,64,1.0,1011,58,
20,h,64,64,1.0,1041,58,
20,state256,64,64,1.0,,,63
21,W,64,64,1.0,85,12,
21,Sigma1,64,64,1.0,998,58,
21,Ch,64,64,1.0,1022,58,
21,T1,64,64,1.0,974,58,
21,Sigma0,64,64,1.0,1081,58,
21,Maj,64,64,1.0,1018,58,
21,T2,64,64,1.0,1009,58,
21,a,64,64,1.0,1013,58,
21,b,64,64,1.0,1029,58,
21,c,64,64,1.0,1078,58,
21,d,64,64,1.0,1041,58,
21,e,64,64,1.0,1012,58,
21,f,64,64,1.0,1038,58,
21,g,64,64,1.0,996,58,
21,h,64,64,1.0,1011,58,
21,state256,64,64,1.0,,,63
22,W,64,64,1.0,607,53,
22,Sigma1,64,64,1.0,984,58,
22,Ch,64,64,1.0,1047,58,
22,T1,64,64,1.0,1049,58,
22,Sigma0,64,64,1.0,1051,58,
22,Maj,64,64,1.0,1014,58,
22,T2,64,64,1.0,1013,58,
22,a,64,64,1.0,1043,58,
22,b,64,64,1.0,1013,58,
22,c,64,64,1.0,1029,58,
22,d,64,64,1.0,1078,58,
22,e,64,64,1.0,1020,58,
22,f,64,64,1.0,1012,58,
22,g,64,64,1.0,1038,58,
22,h,64,64,1.0,996,58,
22,state256,64,64,1.0,,,63
23,W,64,64,1.0,247,54,
23,Sigma1,64,64,1.0,1058,58,
23,Ch,64,64,1.0,1059,58,
23,T1,64,64,1.0,1036,58,
23,Sigma0,64,64,1.0,1009,58,
23,Maj,64,64,1.0,994,58,
23,T2,64,64,1.0,1002,58,
23,a,64,64,1.0,1030,58,
23,b,64,64,1.0,1043,58,
23,c,64,64,1.0,1013,58,
23,d,64,64,1.0,1029,58,
23,e,64,64,1.0,1027,58,
23,f,64,64,1.0,1020,58,
23,g,64,64,1.0,1012,58,
23,h,64,64,1.0,1038,58,
23,state256,64,64,1.0,,,63
24,W,64,64,1.0,669,58,
24,Sigma1,64,64,1.0,1067,58,
24,Ch,64,64,1.0,1008,58,
24,T1,64,64,1.0,1017,58,
24,Sigma0,64,64,1.0,1048,58,
24,Maj,64,64,1.0,990,58,
24,T2,64,64,1.0,1024,58,
24,a,64,64,1.0,1013,58,
24,b,64,64,1.0,1030,58,
24,c,64,64,1.0,1043,58,
24,d,64,64,1.0,1013,58,
24,e,64,64,1.0,1057,58,
24,f,64,64,1.0,1027,58,
24,g,64,64,1.0,1020,58,
24,h,64,64,1.0,1012,58,
24,state256,64,64,1.0,,,63
25,W,64,64,1.0,774,58,
25,Sigma1,64,64,1.0,1019,58,
25,Ch,64,64,1.0,1047,58,
25,T1,64,64,1.0,1023,58,
25,Sigma0,64,64,1.0,999,58,
25,Maj,64,64,1.0,999,58,
25,T2,64,64,1.0,1046,58,
25,a,64,64,1.0,1024,58,
25,b,64,64,1.0,1013,58,
25,c,64,64,1.0,1030,58,
25,d,64,64,1.0,1043,58,
25,e,64,64,1.0,1004,58,
25,f,64,64,1.0,1057,58,
25,g,64,64,1.0,1027,58,
25,h,64,64,1.0,1020,58,
25,state256,64,64,1.0,,,63
26,W,64,64,1.0,940,58,
26,Sigma1,64,64,1.0,1020,58,
26,Ch,64,64,1.0,1059,58,
26,T1,64,64,1.0,1052,58,
26,Sigma0,64,64,1.0,978,58,
26,Maj,64,64,1.0,1009,58,
26,T2,64,64,1.0,1037,58,
26,a,64,64,1.0,1050,58,
26,b,64,64,1.0,1024,58,
26,c,64,64,1.0,1013,58,
26,d,64,64,1.0,1030,58,
26,e,64,64,1.0,1039,58,
26,f,64,64,1.0,1004,58,
26,g,64,64,1.0,1057,58,
26,h,64,64,1.0,1027,58,
26,state256,64,64,1.0,,,63
27,W,64,64,1.0,991,58,
27,Sigma1,64,64,1.0,1059,58,
27,Ch,64,64,1.0,1023,58,
27,T1,64,64,1.0,1018,58,
27,Sigma0,64,64,1.0,1038,58,
27,Maj,64,64,1.0,1036,58,
27,T2,64,64,1.0,1046,58,
27,a,64,64,1.0,1007,58,
27,b,64,64,1.0,1050,58,
27,c,64,64,1.0,1024,58,
27,d,64,64,1.0,1013,58,
27,e,64,64,1.0,1024,58,
27,f,64,64,1.0,1039,58,
27,g,64,64,1.0,1004,58,
27,h,64,64,1.0,1057,58,
27,state256,64,64,1.0,,,63
28,W,64,64,1.0,1054,58,
28,Sigma1,64,64,1.0,1044,58,
28,Ch,64,64,1.0,1038,58,
28,T1,64,64,1.0,1038,58,
28,Sigma0,64,64,1.0,1045,58,
28,Maj,64,64,1.0,1022,58,
28,T2,64,64,1.0,1072,58,
28,a,64,64,1.0,981,58,
28,b,64,64,1.0,1007,58,
28,c,64,64,1.0,1050,58,
28,d,64,64,1.0,1024,58,
28,e,64,64,1.0,1013,58,
28,f,64,64,1.0,1024,58,
28,g,64,64,1.0,1039,58,
28,h,64,64,1.0,1004,58,
28,state256,64,64,1.0,,,63
29,W,64,64,1.0,1030,58,
29,Sigma1,64,64,1.0,1013,58,
29,Ch,64,64,1.0,1045,58,
29,T1,64,64,1.0,1013,58,
29,Sigma0,64,64,1.0,1015,58,
29,Maj,64,64,1.0,1030,58,
29,T2,64,64,1.0,1012,58,
29,a,64,64,1.0,1013,58,
29,b,64,64,1.0,981,58,
29,c,64,64,1.0,1007,58,
29,d,64,64,1.0,1050,58,
29,e,64,64,1.0,1041,58,
29,f,64,64,1.0,1013,58,
29,g,64,64,1.0,1024,58,
29,h,64,64,1.0,1039,58,
29,state256,64,64,1.0,,,63
30,W,64,64,1.0,1027,58,
30,Sigma1,64,64,1.0,1027,58,
30,Ch,64,64,1.0,1027,58,
30,T1,64,64,1.0,1036,58,
30,Sigma0,64,64,1.0,1049,58,
30,Maj,64,64,1.0,1031,58,
30,T2,64,64,1.0,1007,58,
30,a,64,64,1.0,981,58,
30,b,64,64,1.0,1013,58,
30,c,64,64,1.0,981,58,
30,d,64,64,1.0,1007,58,
30,e,64,64,1.0,1042,58,
30,f,64,64,1.0,1041,58,
30,g,64,64,1.0,1013,58,
30,h,64,64,1.0,1024,58,
30,state256,64,64,1.0,,,63
31,W,64,64,1.0,1045,58,
31,Sigma1,64,64,1.0,1036,58,
31,Ch,64,64,1.0,1059,58,
31,T1,64,64,1.0,1035,58,
31,Sigma0,64,64,1.0,1063,58,
31,Maj,64,64,1.0,1062,58,
31,T2,64,64,1.0,1017,58,
31,a,64,64,1.0,1052,58,
31,b,64,64,1.0,981,58,
31,c,64,64,1.0,1013,58,
31,d,64,64,1.0,981,58,
31,e,64,64,1.0,1052,58,
31,f,64,64,1.0,1042,58,
31,g,64,64,1.0,1041,58,
31,h,64,64,1.0,1013,58,
31,state256,64,64,1.0,,,63
32,W,64,64,1.0,1014,58,
32,Sigma1,64,64,1.0,1024,58,
32,Ch,64,64,1.0,1026,58,
32,T1,64,64,1.0,1010,58,
32,Sigma0,64,64,1.0,1022,58,
32,Maj,64,64,1.0,1040,58,
32,T2,64,64,1.0,1010,58,
32,a,64,64,1.0,1009,58,
32,b,64,64,1.0,1052,58,
32,c,64,64,1.0,981,58,
32,d,64,64,1.0,1013,58,
32,e,64,64,1.0,1051,58,
32,f,64,64,1.0,1052,58,
32,g,64,64,1.0,1042,58,
32,h,64,64,1.0,1041,58,
32,state256,64,64,1.0,,,63
33,W,64,64,1.0,1074,58,
33,Sigma1,64,64,1.0,1035,58,
33,Ch,64,64,1.0,1000,58,
33,T1,64,64,1.0,1015,58,
33,Sigma0,64,64,1.0,1041,58,
33,Maj,64,64,1.0,1026,58,
33,T2,64,64,1.0,1014,58,
33,a,64,64,1.0,1027,58,
33,b,64,64,1.0,1009,58,
33,c,64,64,1.0,1052,58,
33,d,64,64,1.0,981,58,
33,e,64,64,1.0,975,58,
33,f,64,64,1.0,1051,58,
33,g,64,64,1.0,1052,58,
33,h,64,64,1.0,1042,58,
33,state256,64,64,1.0,,,63
34,W,64,64,1.0,1020,58,
34,Sigma1,64,64,1.0,1053,58,
34,Ch,64,64,1.0,1065,58,
34,T1,64,64,1.0,1065,58,
34,Sigma0,64,64,1.0,1059,58,
34,Maj,64,64,1.0,1039,58,
34,T2,64,64,1.0,1018,58,
34,a,64,64,1.0,1024,58,
34,b,64,64,1.0,1027,58,
34,c,64,64,1.0,1009,58,
34,d,64,64,1.0,1052,58,
34,e,64,64,1.0,1042,58,
34,f,64,64,1.0,975,58,
34,g,64,64,1.0,1051,58,
34,h,64,64,1.0,1052,58,
34,state256,64,64,1.0,,,63
35,W,64,64,1.0,1063,58,
35,Sigma1,64,64,1.0,976,58,
35,Ch,64,64,1.0,1013,58,
35,T1,64,64,1.0,1048,58,
35,Sigma0,64,64,1.0,1038,58,
35,Maj,64,64,1.0,1053,58,
35,T2,64,64,1.0,1065,58,
35,a,64,64,1.0,973,58,
35,b,64,64,1.0,1024,58,
35,c,64,64,1.0,1027,58,
35,d,64,64,1.0,1009,58,
35,e,64,64,1.0,1031,58,
35,f,64,64,1.0,1042,58,
35,g,64,64,1.0,975,58,
35,h,64,64,1.0,1051,58,
35,state256,64,64,1.0,,,63
36,W,64,64,1.0,1038,58,
36,Sigma1,64,64,1.0,993,58,
36,Ch,64,64,1.0,989,58,
36,T1,64,64,1.0,1016,58,
36,Sigma0,64,64,1.0,1033,58,
36,Maj,64,64,1.0,1026,58,
36,T2,64,64,1.0,1013,58,
36,a,64,64,1.0,994,58,
36,b,64,64,1.0,973,58,
36,c,64,64,1.0,1024,58,
36,d,64,64,1.0,1027,58,
36,e,64,64,1.0,1021,58,
36,f,64,64,1.0,1031,58,
36,g,64,64,1.0,1042,58,
36,h,64,64,1.0,975,58,
36,state256,64,64,1.0,,,63
37,W,64,64,1.0,1047,58,
37,Sigma1,64,64,1.0,1043,58,
37,Ch,64,64,1.0,1003,58,
37,T1,64,64,1.0,1004,58,
37,Sigma0,64,64,1.0,1002,58,
37,Maj,64,64,1.0,1041,58,
37,T2,64,64,1.0,1006,58,
37,a,64,64,1.0,1041,58,
37,b,64,64,1.0,994,58,
37,c,64,64,1.0,973,58,
37,d,64,64,1.0,1024,58,
37,e,64,64,1.0,979,58,
37,f,64,64,1.0,1021,58,
37,g,64,64,1.0,1031,58,
37,h,64,64,1.0,1042,58,
37,state256,64,64,1.0,,,63
38,W,64,64,1.0,997,58,
38,Sigma1,64,64,1.0,1003,58,
38,Ch,64,64,1.0,1011,58,
38,T1,64,64,1.0,994,58,
38,Sigma0,64,64,1.0,1013,58,
38,Maj,64,64,1.0,997,58,
38,T2,64,64,1.0,1051,58,
38,a,64,64,1.0,999,58,
38,b,64,64,1.0,1041,58,
38,c,64,64,1.0,994,58,
38,d,64,64,1.0,973,58,
38,e,64,64,1.0,1026,58,
38,f,64,64,1.0,979,58,
38,g,64,64,1.0,1021,58,
38,h,64,64,1.0,1031,58,
38,state256,64,64,1.0,,,63
39,W,64,64,1.0,1025,58,
39,Sigma1,64,64,1.0,1004,58,
39,Ch,64,64,1.0,1047,58,
39,T1,64,64,1.0,1011,58,
39,Sigma0,64,64,1.0,1029,58,
39,Maj,64,64,1.0,1008,58,
39,T2,64,64,1.0,1052,58,
39,a,64,64,1.0,1014,58,
39,b,64,64,1.0,999,58,
39,c,64,64,1.0,1041,58,
39,d,64,64,1.0,994,58,
39,e,64,64,1.0,1038,58,
39,f,64,64,1.0,1026,58,
39,g,64,64,1.0,979,58,
39,h,64,64,1.0,1021,58,
39,state256,64,64,1.0,,,63
40,W,64,64,1.0,1001,58,
40,Sigma1,64,64,1.0,1026,58,
40,Ch,64,64,1.0,1032,58,
40,T1,64,64,1.0,1017,58,
40,Sigma0,64,64,1.0,1040,58,
40,Maj,64,64,1.0,1022,58,
40,T2,64,64,1.0,984,58,
40,a,64,64,1.0,958,58,
40,b,64,64,1.0,1014,58,
40,c,64,64,1.0,999,58,
40,d,64,64,1.0,1041,58,
40,e,64,64,1.0,1036,58,
40,f,64,64,1.0,1038,58,
40,g,64,64,1.0,1026,58,
40,h,64,64,1.0,979,58,
40,state256,64,64,1.0,,,63
41,W,64,64,1.0,1028,58,
41,Sigma1,64,64,1.0,1030,58,
41,Ch,64,64,1.0,1029,58,
41,T1,64,64,1.0,1023,58,
41,Sigma0,64,64,1.0,1010,58,
41,Maj,64,64,1.0,1027,58,
41,T2,64,64,1.0,993,58,
41,a,64,64,1.0,1024,58,
41,b,64,64,1.0,958,58,
41,c,64,64,1.0,1014,58,
41,d,64,64,1.0,999,58,
41,e,64,64,1.0,998,58,
41,f,64,64,1.0,1036,58,
41,g,64,64,1.0,1038,58,
41,h,64,64,1.0,1026,58,
41,state256,64,64,1.0,,,63
42,W,64,64,1.0,997,58,
42,Sigma1,64,64,1.0,1002,58,
42,Ch,64,64,1.0,1048,58,
42,T1,64,64,1.0,999,58,
42,Sigma0,64,64,1.0,1042,58,
42,Maj,64,64,1.0,1034,58,
42,T2,64,64,1.0,1071,58,
42,a,64,64,1.0,1032,58,
42,b,64,64,1.0,1024,58,
42,c,64,64,1.0,958,58,
42,d,64,64,1.0,1014,58,
42,e,64,64,1.0,997,58,
42,f,64,64,1.0,998,58,
42,g,64,64,1.0,1036,58,
42,h,64,64,1.0,1038,58,
42,state256,64,64,1.0,,,63
43,W,64,64,1.0,1019,58,
43,Sigma1,64,64,1.0,1001,58,
43,Ch,64,64,1.0,1038,58,
43,T1,64,64,1.0,990,58,
43,Sigma0,64,64,1.0,1002,58,
43,Maj,64,64,1.0,1066,58,
43,T2,64,64,1.0,1030,58,
43,a,64,64,1.0,1062,58,
43,b,64,64,1.0,1032,58,
43,c,64,64,1.0,1024,58,
43,d,64,64,1.0,958,58,
43,e,64,64,1.0,1020,58,
43,f,64,64,1.0,997,58,
43,g,64,64,1.0,998,58,
43,h,64,64,1.0,1036,58,
43,state256,64,64,1.0,,,63
44,W,64,64,1.0,1007,58,
44,Sigma1,64,64,1.0,1028,58,
44,Ch,64,64,1.0,988,58,
44,T1,64,64,1.0,978,58,
44,Sigma0,64,64,1.0,1018,58,
44,Maj,64,64,1.0,1022,58,
44,T2,64,64,1.0,1030,58,
44,a,64,64,1.0,1028,58,
44,b,64,64,1.0,1062,58,
44,c,64,64,1.0,1032,58,
44,d,64,64,1.0,1024,58,
44,e,64,64,1.0,1048,58,
44,f,64,64,1.0,1020,58,
44,g,64,64,1.0,997,58,
44,h,64,64,1.0,998,58,
44,state256,64,64,1.0,,,63
45,W,64,64,1.0,1062,58,
45,Sigma1,64,64,1.0,1038,58,
45,Ch,64,64,1.0,990,58,
45,T1,64,64,1.0,1003,58,
45,Sigma0,64,64,1.0,1020,58,
45,Maj,64,64,1.0,977,58,
45,T2,64,64,1.0,1051,58,
45,a,64,64,1.0,1027,58,
45,b,64,64,1.0,1028,58,
45,c,64,64,1.0,1062,58,
45,d,64,64,1.0,1032,58,
45,e,64,64,1.0,1058,58,
45,f,64,64,1.0,1048,58,
45,g,64,64,1.0,1020,58,
45,h,64,64,1.0,997,58,
45,state256,64,64,1.0,,,63
46,W,64,64,1.0,1017,58,
46,Sigma1,64,64,1.0,1000,58,
46,Ch,64,64,1.0,982,58,
46,T1,64,64,1.0,1017,58,
46,Sigma0,64,64,1.0,1053,58,
46,Maj,64,64,1.0,1051,58,
46,T2,64,64,1.0,1004,58,
46,a,64,64,1.0,990,58,
46,b,64,64,1.0,1027,58,
46,c,64,64,1.0,1028,58,
46,d,64,64,1.0,1062,58,
46,e,64,64,1.0,1016,58,
46,f,64,64,1.0,1058,58,
46,g,64,64,1.0,1048,58,
46,h,64,64,1.0,1020,58,
46,state256,64,64,1.0,,,63
47,W,64,64,1.0,1074,58,
47,Sigma1,64,64,1.0,1058,58,
47,Ch,64,64,1.0,1049,58,
47,T1,64,64,1.0,1014,58,
47,Sigma0,64,64,1.0,1006,58,
47,Maj,64,64,1.0,1040,58,
47,T2,64,64,1.0,1021,58,
47,a,64,64,1.0,1046,58,
47,b,64,64,1.0,990,58,
47,c,64,64,1.0,1027,58,
47,d,64,64,1.0,1028,58,
47,e,64,64,1.0,1019,58,
47,f,64,64,1.0,1016,58,
47,g,64,64,1.0,1058,58,
47,h,64,64,1.0,1048,58,
47,state256,64,64,1.0,,,63
48,W,64,64,1.0,1048,58,
48,Sigma1,64,64,1.0,969,58,
48,Ch,64,64,1.0,1071,58,
48,T1,64,64,1.0,1055,58,
48,Sigma0,64,64,1.0,1038,58,
48,Maj,64,64,1.0,1046,58,
48,T2,64,64,1.0,1073,58,
48,a,64,64,1.0,1044,58,
48,b,64,64,1.0,1046,58,
48,c,64,64,1.0,990,58,
48,d,64,64,1.0,1027,58,
48,e,64,64,1.0,1045,58,
48,f,64,64,1.0,1019,58,
48,g,64,64,1.0,1016,58,
48,h,64,64,1.0,1058,58,
48,state256,64,64,1.0,,,63
49,W,64,64,1.0,1014,58,
49,Sigma1,64,64,1.0,999,58,
49,Ch,64,64,1.0,1019,58,
49,T1,64,64,1.0,1020,58,
49,Sigma0,64,64,1.0,1040,58,
49,Maj,64,64,1.0,999,58,
49,T2,64,64,1.0,1031,58,
49,a,64,64,1.0,1024,58,
49,b,64,64,1.0,1044,58,
49,c,64,64,1.0,1046,58,
49,d,64,64,1.0,990,58,
49,e,64,64,1.0,1046,58,
49,f,64,64,1.0,1045,58,
49,g,64,64,1.0,1019,58,
49,h,64,64,1.0,1016,58,
49,state256,64,64,1.0,,,63
50,W,64,64,1.0,1039,58,
50,Sigma1,64,64,1.0,1000,58,
50,Ch,64,64,1.0,1039,58,
50,T1,64,64,1.0,1026,58,
50,Sigma0,64,64,1.0,974,58,
50,Maj,64,64,1.0,1039,58,
50,T2,64,64,1.0,1021,58,
50,a,64,64,1.0,1055,58,
50,b,64,64,1.0,1024,58,
50,c,64,64,1.0,1044,58,
50,d,64,64,1.0,1046,58,
50,e,64,64,1.0,1059,58,
50,f,64,64,1.0,1046,58,
50,g,64,64,1.0,1045,58,
50,h,64,64,1.0,1019,58,
50,state256,64,64,1.0,,,63
51,W,64,64,1.0,1050,58,
51,Sigma1,64,64,1.0,1015,58,
51,Ch,64,64,1.0,1065,58,
51,T1,64,64,1.0,1016,58,
51,Sigma0,64,64,1.0,1029,58,
51,Maj,64,64,1.0,1022,58,
51,T2,64,64,1.0,1026,58,
51,a,64,64,1.0,1017,58,
51,b,64,64,1.0,1055,58,
51,c,64,64,1.0,1024,58,
51,d,64,64,1.0,1044,58,
51,e,64,64,1.0,989,58,
51,f,64,64,1.0,1059,58,
51,g,64,64,1.0,1046,58,
51,h,64,64,1.0,1045,58,
51,state256,64,64,1.0,,,63
52,W,64,64,1.0,1055,58,
52,Sigma1,64,64,1.0,1029,58,
52,Ch,64,64,1.0,1082,58,
52,T1,64,64,1.0,1010,58,
52,Sigma0,64,64,1.0,1037,58,
52,Maj,64,64,1.0,1039,58,
52,T2,64,64,1.0,982,58,
52,a,64,64,1.0,1027,58,
52,b,64,64,1.0,1017,58,
52,c,64,64,1.0,1055,58,
52,d,64,64,1.0,1024,58,
52,e,64,64,1.0,1060,58,
52,f,64,64,1.0,989,58,
52,g,64,64,1.0,1059,58,
52,h,64,64,1.0,1046,58,
52,state256,64,64,1.0,,,63
53,W,64,64,1.0,973,58,
53,Sigma1,64,64,1.0,1034,58,
53,Ch,64,64,1.0,1026,58,
53,T1,64,64,1.0,1044,58,
53,Sigma0,64,64,1.0,1015,58,
53,Maj,64,64,1.0,1028,58,
53,T2,64,64,1.0,1002,58,
53,a,64,64,1.0,1068,58,
53,b,64,64,1.0,1027,58,
53,c,64,64,1.0,1017,58,
53,d,64,64,1.0,1055,58,
53,e,64,64,1.0,1002,58,
53,f,64,64,1.0,1060,58,
53,g,64,64,1.0,989,58,
53,h,64,64,1.0,1059,58,
53,state256,64,64,1.0,,,63
54,W,64,64,1.0,1027,58,
54,Sigma1,64,64,1.0,1030,58,
54,Ch,64,64,1.0,1039,58,
54,T1,64,64,1.0,985,58,
54,Sigma0,64,64,1.0,1026,58,
54,Maj,64,64,1.0,986,58,
54,T2,64,64,1.0,1025,58,
54,a,64,64,1.0,956,58,
54,b,64,64,1.0,1068,58,
54,c,64,64,1.0,1027,58,
54,d,64,64,1.0,1017,58,
54,e,64,64,1.0,981,58,
54,f,64,64,1.0,1002,58,
54,g,64,64,1.0,1060,58,
54,h,64,64,1.0,989,58,
54,state256,64,64,1.0,,,63
55,W,64,64,1.0,1011,58,
55,Sigma1,64,64,1.0,1015,58,
55,Ch,64,64,1.0,995,58,
55,T1,64,64,1.0,986,58,
55,Sigma0,64,64,1.0,1030,58,
55,Maj,64,64,1.0,1078,58,
55,T2,64,64,1.0,1009,58,
55,a,64,64,1.0,1009,58,
55,b,64,64,1.0,956,58,
55,c,64,64,1.0,1068,58,
55,d,64,64,1.0,1027,58,
55,e,64,64,1.0,1032,58,
55,f,64,64,1.0,981,58,
55,g,64,64,1.0,1002,58,
55,h,64,64,1.0,1060,58,
55,state256,64,64,1.0,,,63
56,W,64,64,1.0,1020,58,
56,Sigma1,64,64,1.0,1014,58,
56,Ch,64,64,1.0,1037,58,
56,T1,64,64,1.0,1024,58,
56,Sigma0,64,64,1.0,1031,58,
56,Maj,64,64,1.0,1001,58,
56,T2,64,64,1.0,1034,58,
56,a,64,64,1.0,1017,58,
56,b,64,64,1.0,1009,58,
56,c,64,64,1.0,956,58,
56,d,64,64,1.0,1068,58,
56,e,64,64,1.0,1044,58,
56,f,64,64,1.0,1032,58,
56,g,64,64,1.0,981,58,
56,h,64,64,1.0,1002,58,
56,state256,64,64,1.0,,,63
57,W,64,64,1.0,1019,58,
57,Sigma1,64,64,1.0,1042,58,
57,Ch,64,64,1.0,1028,58,
57,T1,64,64,1.0,1001,58,
57,Sigma0,64,64,1.0,995,58,
57,Maj,64,64,1.0,992,58,
57,T2,64,64,1.0,1026,58,
57,a,64,64,1.0,996,58,
57,b,64,64,1.0,1017,58,
57,c,64,64,1.0,1009,58,
57,d,64,64,1.0,956,58,
57,e,64,64,1.0,1005,58,
57,f,64,64,1.0,1044,58,
57,g,64,64,1.0,1032,58,
57,h,64,64,1.0,981,58,
57,state256,64,64,1.0,,,63
58,W,64,64,1.0,1016,58,
58,Sigma1,64,64,1.0,1067,58,
58,Ch,64,64,1.0,1046,58,
58,T1,64,64,1.0,1024,58,
58,Sigma0,64,64,1.0,1054,58,
58,Maj,64,64,1.0,1020,58,
58,T2,64,64,1.0,1029,58,
58,a,64,64,1.0,983,58,
58,b,64,64,1.0,996,58,
58,c,64,64,1.0,1017,58,
58,d,64,64,1.0,1009,58,
58,e,64,64,1.0,1020,58,
58,f,64,64,1.0,1005,58,
58,g,64,64,1.0,1044,58,
58,h,64,64,1.0,1032,58,
58,state256,64,64,1.0,,,63
59,W,64,64,1.0,1052,58,
59,Sigma1,64,64,1.0,1046,58,
59,Ch,64,64,1.0,1082,58,
59,T1,64,64,1.0,1024,58,
59,Sigma0,64,64,1.0,1085,58,
59,Maj,64,64,1.0,1046,58,
59,T2,64,64,1.0,1023,58,
59,a,64,64,1.0,1010,58,
59,b,64,64,1.0,983,58,
59,c,64,64,1.0,996,58,
59,d,64,64,1.0,1017,58,
59,e,64,64,1.0,1037,58,
59,f,64,64,1.0,1020,58,
59,g,64,64,1.0,1005,58,
59,h,64,64,1.0,1044,58,
59,state256,64,64,1.0,,,63
60,W,64,64,1.0,1019,58,
60,Sigma1,64,64,1.0,995,58,
60,Ch,64,64,1.0,999,58,
60,T1,64,64,1.0,1044,58,
60,Sigma0,64,64,1.0,1006,58,
60,Maj,64,64,1.0,1003,58,
60,T2,64,64,1.0,1044,58,
60,a,64,64,1.0,1039,58,
60,b,64,64,1.0,1010,58,
60,c,64,64,1.0,983,58,
60,d,64,64,1.0,996,58,
60,e,64,64,1.0,1026,58,
60,f,64,64,1.0,1037,58,
60,g,64,64,1.0,1020,58,
60,h,64,64,1.0,1005,58,
60,state256,64,64,1.0,,,63
61,W,64,64,1.0,1024,58,
61,Sigma1,64,64,1.0,1034,58,
61,Ch,64,64,1.0,1039,58,
61,T1,64,64,1.0,1038,58,
61,Sigma0,64,64,1.0,1047,58,
61,Maj,64,64,1.0,1023,58,
61,T2,64,64,1.0,994,58,
61,a,64,64,1.0,1025,58,
61,b,64,64,1.0,1039,58,
61,c,64,64,1.0,1010,58,
61,d,64,64,1.0,983,58,
61,e,64,64,1.0,1025,58,
61,f,64,64,1.0,1026,58,
61,g,64,64,1.0,1037,58,
61,h,64,64,1.0,1020,58,
61,state256,64,64,1.0,,,63
62,W,64,64,1.0,987,58,
62,Sigma1,64,64,1.0,1053,58,
62,Ch,64,64,1.0,1015,58,
62,T1,64,64,1.0,1039,58,
62,Sigma0,64,64,1.0,1051,58,
62,Maj,64,64,1.0,1020,58,
62,T2,64,64,1.0,1010,58,
62,a,64,64,1.0,1041,58,
62,b,64,64,1.0,1025,58,
62,c,64,64,1.0,1039,58,
62,d,64,64,1.0,1010,58,
62,e,64,64,1.0,1041,58,
62,f,64,64,1.0,1025,58,
62,g,64,64,1.0,1026,58,
62,h,64,64,1.0,1037,58,
62,state256,64,64,1.0,,,63
63,W,64,64,1.0,1026,58,
63,Sigma1,64,64,1.0,1009,58,
63,Ch,64,64,1.0,1040,58,
63,T1,64,64,1.0,999,58,
63,Sigma0,64,64,1.0,1025,58,
63,Maj,64,64,1.0,1006,58,
63,T2,64,64,1.0,1035,58,
63,a,64,64,1.0,1001,58,
63,b,64,64,1.0,1041,58,
63,c,64,64,1.0,1025,58,
63,d,64,64,1.0,1039,58,
63,e,64,64,1.0,1043,58,
63,f,64,64,1.0,1041,58,
63,g,64,64,1.0,1025,58,
63,h,64,64,1.0,1026,58,
63,state256,64,64,1.0,,,63
64,W,64,64,1.0,1040,58,
64,Sigma1,64,1,64.0,16,1,
64,Ch,64,1,64.0,15,1,
64,T1,64,64,1.0,1035,58,
64,Sigma0,64,1,64.0,16,1,
64,Maj,64,1,64.0,20,1,
64,T2,64,1,64.0,12,1,
64,a,64,64,1.0,1031,58,
64,b,64,1,64.0,16,1,
64,c,64,1,64.0,19,1,
64,d,64,1,64.0,19,1,
64,e,64,64,1.0,1062,58,
64,f,64,1,64.0,16,1,
64,g,64,1,64.0,13,1,
64,h,64,1,64.0,18,1,
64,state256,64,64,1.0,,,61
65,W,64,64,1.0,1034,58,
65,Sigma1,64,64,1.0,1014,58,
65,Ch,64,64,1.0,556,58,
65,T1,64,64,1.0,1031,58,
65,Sigma0,64,64,1.0,1031,58,
65,Maj,64,64,1.0,492,58,
65,T2,64,64,1.0,1027,58,
65,a,64,64,1.0,1028,58,
65,b,64,64,1.0,1031,58,
65,c,64,1,64.0,16,1,
65,d,64,1,64.0,19,1,
65,e,64,64,1.0,1021,58,
65,f,64,64,1.0,1062,58,
65,g,64,1,64.0,16,1,
65,h,64,1,64.0,13,1,
65,state256,64,64,1.0,,,63
66,W,64,64,1.0,1052,58,
66,Sigma1,64,64,1.0,1061,58,
66,Ch,64,64,1.0,966,58,
66,T1,64,64,1.0,1031,58,
66,Sigma0,64,64,1.0,1050,58,
66,Maj,64,64,1.0,984,58,
66,T2,64,64,1.0,1041,58,
66,a,64,64,1.0,1057,58,
66,b,64,64,1.0,1028,58,
66,c,64,64,1.0,1031,58,
66,d,64,1,64.0,16,1,
66,e,64,64,1.0,1019,58,
66,f,64,64,1.0,1021,58,
66,g,64,64,1.0,1062,58,
66,h,64,1,64.0,16,1,
66,state256,64,64,1.0,,,63
67,W,64,64,1.0,1004,58,
67,Sigma1,64,64,1.0,1007,58,
67,Ch,64,64,1.0,1038,58,
67,T1,64,64,1.0,1007,58,
67,Sigma0,64,64,1.0,971,58,
67,Maj,64,64,1.0,1026,58,
67,T2,64,64,1.0,1023,58,
67,a,64,64,1.0,1010,58,
67,b,64,64,1.0,1057,58,
67,c,64,64,1.0,1028,58,
67,d,64,64,1.0,1031,58,
67,e,64,64,1.0,1017,58,
67,f,64,64,1.0,1019,58,
67,g,64,64,1.0,1021,58,
67,h,64,64,1.0,1062,58,
67,state256,64,64,1.0,,,63
68,W,64,64,1.0,1031,58,
68,Sigma1,64,64,1.0,1043,58,
68,Ch,64,64,1.0,1036,58,
68,T1,64,64,1.0,1033,58,
68,Sigma0,64,64,1.0,1032,58,
68,Maj,64,64,1.0,1049,58,
68,T2,64,64,1.0,1037,58,
68,a,64,64,1.0,994,58,
68,b,64,64,1.0,1010,58,
68,c,64,64,1.0,1057,58,
68,d,64,64,1.0,1028,58,
68,e,64,64,1.0,1018,58,
68,f,64,64,1.0,1017,58,
68,g,64,64,1.0,1019,58,
68,h,64,64,1.0,1021,58,
68,state256,64,64,1.0,,,63
69,W,64,64,1.0,1008,58,
69,Sigma1,64,64,1.0,1046,58,
69,Ch,64,64,1.0,1022,58,
69,T1,64,64,1.0,1023,58,
69,Sigma0,64,64,1.0,1022,58,
69,Maj,64,64,1.0,1043,58,
69,T2,64,64,1.0,1059,58,
69,a,64,64,1.0,1002,58,
69,b,64,64,1.0,994,58,
69,c,64,64,1.0,1010,58,
69,d,64,64,1.0,1057,58,
69,e,64,64,1.0,1019,58,
69,f,64,64,1.0,1018,58,
69,g,64,64,1.0,1017,58,
69,h,64,64,1.0,1019,58,
69,state256,64,64,1.0,,,63
70,W,64,64,1.0,1035,58,
70,Sigma1,64,64,1.0,1059,58,
70,Ch,64,64,1.0,1038,58,
70,T1,64,64,1.0,999,58,
70,Sigma0,64,64,1.0,1030,58,
70,Maj,64,64,1.0,1026,58,
70,T2,64,64,1.0,993,58,
70,a,64,64,1.0,1021,58,
70,b,64,64,1.0,1002,58,
70,c,64,64,1.0,994,58,
70,d,64,64,1.0,1010,58,
70,e,64,64,1.0,1000,58,
70,f,64,64,1.0,1019,58,
70,g,64,64,1.0,1018,58,
70,h,64,64,1.0,1017,58,
70,state256,64,64,1.0,,,63
71,W,64,64,1.0,999,58,
71,Sigma1,64,64,1.0,1006,58,
71,Ch,64,64,1.0,999,58,
71,T1,64,64,1.0,1059,58,
71,Sigma0,64,64,1.0,1031,58,
71,Maj,64,64,1.0,1041,58,
71,T2,64,64,1.0,1032,58,
71,a,64,64,1.0,1013,58,
71,b,64,64,1.0,1021,58,
71,c,64,64,1.0,1002,58,
71,d,64,64,1.0,994,58,
71,e,64,64,1.0,1047,58,
71,f,64,64,1.0,1000,58,
71,g,64,64,1.0,1019,58,
71,h,64,64,1.0,1018,58,
71,state256,64,64,1.0,,,63
72,W,64,1,64.0,1,1,
72,Sigma1,64,64,1.0,1039,58,
72,Ch,64,64,1.0,1026,58,
72,T1,64,64,1.0,1001,58,
72,Sigma0,64,64,1.0,1013,58,
72,Maj,64,64,1.0,1031,58,
72,T2,64,64,1.0,1046,58,
72,a,64,64,1.0,1027,58,
72,b,64,64,1.0,1013,58,
72,c,64,64,1.0,1021,58,
72,d,64,64,1.0,1002,58,
72,e,64,64,1.0,1006,58,
72,f,64,64,1.0,1047,58,
72,g,64,64,1.0,1000,58,
72,h,64,64,1.0,1019,58,
72,state256,64,64,1.0,,,63
73,W,64,1,64.0,0,1,
73,Sigma1,64,64,1.0,1012,58,
73,Ch,64,64,1.0,997,58,
73,T1,64,64,1.0,995,58,
73,Sigma0,64,64,1.0,1045,58,
73,Maj,64,64,1.0,1020,58,
73,T2,64,64,1.0,1025,58,
73,a,64,64,1.0,1018,58,
73,b,64,64,1.0,1027,58,
73,c,64,64,1.0,1013,58,
73,d,64,64,1.0,1021,58,
73,e,64,64,1.0,996,58,
73,f,64,64,1.0,1006,58,
73,g,64,64,1.0,1047,58,
73,h,64,64,1.0,1000,58,
73,state256,64,64,1.0,,,63
74,W,64,1,64.0,0,1,
74,Sigma1,64,64,1.0,1028,58,
74,Ch,64,64,1.0,1007,58,
74,T1,64,64,1.0,1051,58,
74,Sigma0,64,64,1.0,1028,58,
74,Maj,64,64,1.0,1036,58,
74,T2,64,64,1.0,1016,58,
74,a,64,64,1.0,967,58,
74,b,64,64,1.0,1018,58,
74,c,64,64,1.0,1027,58,
74,d,64,64,1.0,1013,58,
74,e,64,64,1.0,1020,58,
74,f,64,64,1.0,996,58,
74,g,64,64,1.0,1006,58,
74,h,64,64,1.0,1047,58,
74,state256,64,64,1.0,,,63
75,W,64,1,64.0,0,1,
75,Sigma1,64,64,1.0,994,58,
75,Ch,64,64,1.0,1028,58,
75,T1,64,64,1.0,1003,58,
75,Sigma0,64,64,1.0,1013,58,
75,Maj,64,64,1.0,1048,58,
75,T2,64,64,1.0,1009,58,
75,a,64,64,1.0,1064,58,
75,b,64,64,1.0,967,58,
75,c,64,64,1.0,1018,58,
75,d,64,64,1.0,1027,58,
75,e,64,64,1.0,1040,58,
75,f,64,64,1.0,1020,58,
75,g,64,64,1.0,996,58,
75,h,64,64,1.0,1006,58,
75,state256,64,64,1.0,,,63
76,W,64,1,64.0,0,1,
76,Sigma1,64,64,1.0,998,58,
76,Ch,64,64,1.0,1023,58,
76,T1,64,64,1.0,1019,58,
76,Sigma0,64,64,1.0,1008,58,
76,Maj,64,64,1.0,1015,58,
76,T2,64,64,1.0,1038,58,
76,a,64,64,1.0,1048,58,
76,b,64,64,1.0,1064,58,
76,c,64,64,1.0,967,58,
76,d,64,64,1.0,1018,58,
76,e,64,64,1.0,989,58,
76,f,64,64,1.0,1040,58,
76,g,64,64,1.0,1020,58,
76,h,64,64,1.0,996,58,
76,state256,64,64,1.0,,,63
77,W,64,1,64.0,0,1,
77,Sigma1,64,64,1.0,1019,58,
77,Ch,64,64,1.0,998,58,
77,T1,64,64,1.0,1023,58,
77,Sigma0,64,64,1.0,1006,58,
77,Maj,64,64,1.0,990,58,
77,T2,64,64,1.0,1032,58,
77,a,64,64,1.0,1041,58,
77,b,64,64,1.0,1048,58,
77,c,64,64,1.0,1064,58,
77,d,64,64,1.0,967,58,
77,e,64,64,1.0,1014,58,
77,f,64,64,1.0,989,58,
77,g,64,64,1.0,1040,58,
77,h,64,64,1.0,1020,58,
77,state256,64,64,1.0,,,63
78,W,64,1,64.0,0,1,
78,Sigma1,64,64,1.0,974,58,
78,Ch,64,64,1.0,1032,58,
78,T1,64,64,1.0,1015,58,
78,Sigma0,64,64,1.0,1019,58,
78,Maj,64,64,1.0,985,58,
78,T2,64,64,1.0,1020,58,
78,a,64,64,1.0,984,58,
78,b,64,64,1.0,1041,58,
78,c,64,64,1.0,1048,58,
78,d,64,64,1.0,1064,58,
78,e,64,64,1.0,1023,58,
78,f,64,64,1.0,1014,58,
78,g,64,64,1.0,989,58,
78,h,64,64,1.0,1040,58,
78,state256,64,64,1.0,,,63
79,W,64,1,64.0,1,1,
79,Sigma1,64,64,1.0,991,58,
79,Ch,64,64,1.0,1016,58,
79,T1,64,64,1.0,1037,58,
79,Sigma0,64,64,1.0,1006,58,
79,Maj,64,64,1.0,1045,58,
79,T2,64,64,1.0,1058,58,
79,a,64,64,1.0,1005,58,
79,b,64,64,1.0,984,58,
79,c,64,64,1.0,1041,58,
79,d,64,64,1.0,1048,58,
79,e,64,64,1.0,1063,58,
79,f,64,64,1.0,1023,58,
79,g,64,64,1.0,1014,58,
79,h,64,64,1.0,989,58,
79,state256,64,64,1.0,,,63
80,W,64,64,1.0,1059,58,
80,Sigma1,64,64,1.0,1057,58,
80,Ch,64,64,1.0,1027,58,
80,T1,64,64,1.0,1029,58,
80,Sigma0,64,64,1.0,999,58,
80,Maj,64,64,1.0,1034,58,
80,T2,64,64,1.0,1029,58,
80,a,64,64,1.0,1045,58,
80,b,64,64,1.0,1005,58,
80,c,64,64,1.0,984,58,
80,d,64,64,1.0,1041,58,
80,e,64,64,1.0,999,58,
80,f,64,64,1.0,1063,58,
80,g,64,64,1.0,1023,58,
80,h,64,64,1.0,1014,58,
80,state256,64,64,1.0,,,63
81,W,64,64,1.0,1037,58,
81,Sigma1,64,64,1.0,1019,58,
81,Ch,64,64,1.0,1025,58,
81,T1,64,64,1.0,1028,58,
81,Sigma0,64,64,1.0,1023,58,
81,Maj,64,64,1.0,995,58,
81,T2,64,64,1.0,1023,58,
81,a,64,64,1.0,1087,58,
81,b,64,64,1.0,1045,58,
81,c,64,64,1.0,1005,58,
81,d,64,64,1.0,984,58,
81,e,64,64,1.0,1018,58,
81,f,64,64,1.0,999,58,
81,g,64,64,1.0,1063,58,
81,h,64,64,1.0,1023,58,
81,state256,64,64,1.0,,,63
82,W,64,64,1.0,1001,58,
82,Sigma1,64,64,1.0,1026,58,
82,Ch,64,64,1.0,1039,58,
82,T1,64,64,1.0,987,58,
82,Sigma0,64,64,1.0,1059,58,
82,Maj,64,64,1.0,1014,58,
82,T2,64,64,1.0,1036,58,
82,a,64,64,1.0,1008,58,
82,b,64,64,1.0,1087,58,
82,c,64,64,1.0,1045,58,
82,d,64,64,1.0,1005,58,
82,e,64,64,1.0,1060,58,
82,f,64,64,1.0,1018,58,
82,g,64,64,1.0,999,58,
82,h,64,64,1.0,1063,58,
82,state256,64,64,1.0,,,63
83,W,64,64,1.0,1019,58,
83,Sigma1,64,64,1.0,992,58,
83,Ch,64,64,1.0,1004,58,
83,T1,64,64,1.0,1050,58,
83,Sigma0,64,64,1.0,1000,58,
83,Maj,64,64,1.0,1008,58,
83,T2,64,64,1.0,1015,58,
83,a,64,64,1.0,1026,58,
83,b,64,64,1.0,1008,58,
83,c,64,64,1.0,1087,58,
83,d,64,64,1.0,1045,58,
83,e,64,64,1.0,1055,58,
83,f,64,64,1.0,1060,58,
83,g,64,64,1.0,1018,58,
83,h,64,64,1.0,999,58,
83,state256,64,64,1.0,,,63
84,W,64,64,1.0,1022,58,
84,Sigma1,64,64,1.0,1011,58,
84,Ch,64,64,1.0,1037,58,
84,T1,64,64,1.0,1026,58,
84,Sigma0,64,64,1.0,1004,58,
84,Maj,64,64,1.0,1044,58,
84,T2,64,64,1.0,1056,58,
84,a,64,64,1.0,1020,58,
84,b,64,64,1.0,1026,58,
84,c,64,64,1.0,1008,58,
84,d,64,64,1.0,1087,58,
84,e,64,64,1.0,1048,58,
84,f,64,64,1.0,1055,58,
84,g,64,64,1.0,1060,58,
84,h,64,64,1.0,1018,58,
84,state256,64,64,1.0,,,63
85,W,64,64,1.0,1033,58,
85,Sigma1,64,64,1.0,988,58,
85,Ch,64,64,1.0,1019,58,
85,T1,64,64,1.0,1017,58,
85,Sigma0,64,64,1.0,964,58,
85,Maj,64,64,1.0,1032,58,
85,T2,64,64,1.0,1052,58,
85,a,64,64,1.0,1004,58,
85,b,64,64,1.0,1020,58,
85,c,64,64,1.0,1026,58,
85,d,64,64,1.0,1008,58,
85,e,64,64,1.0,961,58,
85,f,64,64,1.0,1048,58,
85,g,64,64,1.0,1055,58,
85,h,64,64,1.0,1060,58,
85,state256,64,64,1.0,,,63
86,W,64,64,1.0,1046,58,
86,Sigma1,64,64,1.0,1055,58,
86,Ch,64,64,1.0,1008,58,
86,T1,64,64,1.0,1023,58,
86,Sigma0,64,64,1.0,1036,58,
86,Maj,64,64,1.0,1028,58,
86,T2,64,64,1.0,1037,58,
86,a,64,64,1.0,1049,58,
86,b,64,64,1.0,1004,58,
86,c,64,64,1.0,1020,58,
86,d,64,64,1.0,1026,58,
86,e,64,64,1.0,1063,58,
86,f,64,64,1.0,961,58,
86,g,64,64,1.0,1048,58,
86,h,64,64,1.0,1055,58,
86,state256,64,64,1.0,,,63
87,W,64,64,1.0,1031,58,
87,Sigma1,64,64,1.0,1001,58,
87,Ch,64,64,1.0,1041,58,
87,T1,64,64,1.0,1013,58,
87,Sigma0,64,64,1.0,1029,58,
87,Maj,64,64,1.0,1052,58,
87,T2,64,64,1.0,1023,58,
87,a,64,64,1.0,1038,58,
87,b,64,64,1.0,1049,58,
87,c,64,64,1.0,1004,58,
87,d,64,64,1.0,1020,58,
87,e,64,64,1.0,1005,58,
87,f,64,64,1.0,1063,58,
87,g,64,64,1.0,961,58,
87,h,64,64,1.0,1048,58,
87,state256,64,64,1.0,,,63
88,W,64,64,1.0,1039,58,
88,Sigma1,64,64,1.0,1025,58,
88,Ch,64,64,1.0,1003,58,
88,T1,64,64,1.0,1029,58,
88,Sigma0,64,64,1.0,1036,58,
88,Maj,64,64,1.0,1030,58,
88,T2,64,64,1.0,1049,58,
88,a,64,64,1.0,1028,58,
88,b,64,64,1.0,1038,58,
88,c,64,64,1.0,1049,58,
88,d,64,64,1.0,1004,58,
88,e,64,64,1.0,1025,58,
88,f,64,64,1.0,1005,58,
88,g,64,64,1.0,1063,58,
88,h,64,64,1.0,961,58,
88,state256,64,64,1.0,,,63
89,W,64,64,1.0,994,58,
89,Sigma1,64,64,1.0,1001,58,
89,Ch,64,64,1.0,1016,58,
89,T1,64,64,1.0,1050,58,
89,Sigma0,64,64,1.0,964,58,
89,Maj,64,64,1.0,1026,58,
89,T2,64,64,1.0,997,58,
89,a,64,64,1.0,1105,58,
89,b,64,64,1.0,1028,58,
89,c,64,64,1.0,1038,58,
89,d,64,64,1.0,1049,58,
89,e,64,64,1.0,1034,58,
89,f,64,64,1.0,1025,58,
89,g,64,64,1.0,1005,58,
89,h,64,64,1.0,1063,58,
89,state256,64,64,1.0,,,63
90,W,64,64,1.0,1019,58,
90,Sigma1,64,64,1.0,1010,58,
90,Ch,64,64,1.0,1026,58,
90,T1,64,64,1.0,1047,58,
90,Sigma0,64,64,1.0,983,58,
90,Maj,64,64,1.0,1010,58,
90,T2,64,64,1.0,1068,58,
90,a,64,64,1.0,1048,58,
90,b,64,64,1.0,1105,58,
90,c,64,64,1.0,1028,58,
90,d,64,64,1.0,1038,58,
90,e,64,64,1.0,1020,58,
90,f,64,64,1.0,1034,58,
90,g,64,64,1.0,1025,58,
90,h,64,64,1.0,1005,58,
90,state256,64,64,1.0,,,63
91,W,64,64,1.0,1034,58,
91,Sigma1,64,64,1.0,1026,58,
91,Ch,64,64,1.0,1047,58,
91,T1,64,64,1.0,1053,58,
91,Sigma0,64,64,1.0,1022,58,
91,Maj,64,64,1.0,1022,58,
91,T2,64,64,1.0,1021,58,
91,a,64,64,1.0,998,58,
91,b,64,64,1.0,1048,58,
91,c,64,64,1.0,1105,58,
91,d,64,64,1.0,1028,58,
91,e,64,64,1.0,1008,58,
91,f,64,64,1.0,1020,58,
91,g,64,64,1.0,1034,58,
91,h,64,64,1.0,1025,58,
91,state256,64,64,1.0,,,63
92,W,64,64,1.0,1021,58,
92,Sigma1,64,64,1.0,1020,58,
92,Ch,64,64,1.0,1027,58,
92,T1,64,64,1.0,1022,58,
92,Sigma0,64,64,1.0,1064,58,
92,Maj,64,64,1.0,1036,58,
92,T2,64,64,1.0,1000,58,
92,a,64,64,1.0,986,58,
92,b,64,64,1.0,998,58,
92,c,64,64,1.0,1048,58,
92,d,64,64,1.0,1105,58,
92,e,64,64,1.0,980,58,
92,f,64,64,1.0,1008,58,
92,g,64,64,1.0,1020,58,
92,h,64,64,1.0,1034,58,
92,state256,64,64,1.0,,,63
93,W,64,64,1.0,1055,58,
93,Sigma1,64,64,1.0,1014,58,
93,Ch,64,64,1.0,1038,58,
93,T1,64,64,1.0,1017,58,
93,Sigma0,64,64,1.0,1004,58,
93,Maj,64,64,1.0,1071,58,
93,T2,64,64,1.0,1017,58,
93,a,64,64,1.0,1054,58,
93,b,64,64,1.0,986,58,
93,c,64,64,1.0,998,58,
93,d,64,64,1.0,1048,58,
93,e,64,64,1.0,1042,58,
93,f,64,64,1.0,980,58,
93,g,64,64,1.0,1008,58,
93,h,64,64,1.0,1020,58,
93,state256,64,64,1.0,,,63
94,W,64,64,1.0,1038,58,
94,Sigma1,64,64,1.0,1032,58,
94,Ch,64,64,1.0,1029,58,
94,T1,64,64,1.0,1026,58,
94,Sigma0,64,64,1.0,1078,58,
94,Maj,64,64,1.0,1019,58,
94,T2,64,64,1.0,1013,58,
94,a,64,64,1.0,1000,58,
94,b,64,64,1.0,1054,58,
94,c,64,64,1.0,986,58,
94,d,64,64,1.0,998,58,
94,e,64,64,1.0,984,58,
94,f,64,64,1.0,1042,58,
94,g,64,64,1.0,980,58,
94,h,64,64,1.0,1008,58,
94,state256,64,64,1.0,,,63
95,W,64,64,1.0,997,58,
95,Sigma1,64,64,1.0,1038,58,
95,Ch,64,64,1.0,1020,58,
95,T1,64,64,1.0,1066,58,
95,Sigma0,64,64,1.0,1010,58,
95,Maj,64,64,1.0,1010,58,
95,T2,64,64,1.0,1024,58,
95,a,64,64,1.0,1011,58,
95,b,64,64,1.0,1000,58,
95,c,64,64,1.0,1054,58,
95,d,64,64,1.0,986,58,
95,e,64,64,1.0,994,58,
95,f,64,64,1.0,984,58,
95,g,64,64,1.0,1042,58,
95,h,64,64,1.0,980,58,
95,state256,64,64,1.0,,,63
96,W,64,64,1.0,1027,58,
96,Sigma1,64,64,1.0,1032,58,
96,Ch,64,64,1.0,994,58,
96,T1,64,64,1.0,1010,58,
96,Sigma0,64,64,1.0,1003,58,
96,Maj,64,64,1.0,1029,58,
96,T2,64,64,1.0,1015,58,
96,a,64,64,1.0,1028,58,
96,b,64,64,1.0,1011,58,
96,c,64,64,1.0,1000,58,
96,d,64,64,1.0,1054,58,
96,e,64,64,1.0,1038,58,
96,f,64,64,1.0,994,58,
96,g,64,64,1.0,984,58,
96,h,64,64,1.0,1042,58,
96,state256,64,64,1.0,,,63
97,W,64,64,1.0,1019,58,
97,Sigma1,64,64,1.0,1018,58,
97,Ch,64,64,1.0,1029,58,
97,T1,64,64,1.0,992,58,
97,Sigma0,64,64,1.0,984,58,
97,Maj,64,64,1.0,1012,58,
97,T2,64,64,1.0,1040,58,
97,a,64,64,1.0,1044,58,
97,b,64,64,1.0,1028,58,
97,c,64,64,1.0,1011,58,
97,d,64,64,1.0,1000,58,
97,e,64,64,1.0,1036,58,
97,f,64,64,1.0,1038,58,
97,g,64,64,1.0,994,58,
97,h,64,64,1.0,984,58,
97,state256,64,64,1.0,,,63
98,W,64,64,1.0,1028,58,
98,Sigma1,64,64,1.0,1014,58,
98,Ch,64,64,1.0,1020,58,
98,T1,64,64,1.0,1008,58,
98,Sigma0,64,64,1.0,948,58,
98,Maj,64,64,1.0,1061,58,
98,T2,64,64,1.0,999,58,
98,a,64,64,1.0,1062,58,
98,b,64,64,1.0,1044,58,
98,c,64,64,1.0,1028,58,
98,d,64,64,1.0,1011,58,
98,e,64,64,1.0,1001,58,
98,f,64,64,1.0,1036,58,
98,g,64,64,1.0,1038,58,
98,h,64,64,1.0,994,58,
98,state256,64,64,1.0,,,63
99,W,64,64,1.0,998,58,
99,Sigma1,64,64,1.0,1013,58,
99,Ch,64,64,1.0,1067,58,
99,T1,64,64,1.0,1032,58,
99,Sigma0,64,64,1.0,1024,58,
99,Maj,64,64,1.0,1035,58,
99,T2,64,64,1.0,1015,58,
99,a,64,64,1.0,1024,58,
99,b,64,64,1.0,1062,58,
99,c,64,64,1.0,1044,58,
99,d,64,64,1.0,1028,58,
99,e,64,64,1.0,1008,58,
99,f,64,64,1.0,1001,58,
99,g,64,64,1.0,1036,58,
99,h,64,64,1.0,1038,58,
99,state256,64,64,1.0,,,63
100,W,64,64,1.0,1046,58,
100,Sigma1,64,64,1.0,1032,58,
100,Ch,64,64,1.0,1040,58,
100,T1,64,64,1.0,1008,58,
100,Sigma0,64,64,1.0,1052,58,
100,Maj,64,64,1.0,997,58,
100,T2,64,64,1.0,983,58,
100,a,64,64,1.0,1006,58,
100,b,64,64,1.0,1024,58,
100,c,64,64,1.0,1062,58,
100,d,64,64,1.0,1044,58,
100,e,64,64,1.0,1051,58,
100,f,64,64,1.0,1008,58,
100,g,64,64,1.0,1001,58,
100,h,64,64,1.0,1036,58,
100,state256,64,64,1.0,,,63
101,W,64,64,1.0,1039,58,
101,Sigma1,64,64,1.0,1053,58,
101,Ch,64,64,1.0,1026,58,
101,T1,64,64,1.0,997,58,
101,Sigma0,64,64,1.0,1030,58,
101,Maj,64,64,1.0,1078,58,
101,T2,64,64,1.0,1014,58,
101,a,64,64,1.0,1038,58,
101,b,64,64,1.0,1006,58,
101,c,64,64,1.0,1024,58,
101,d,64,64,1.0,1062,58,
101,e,64,64,1.0,997,58,
101,f,64,64,1.0,1051,58,
101,g,64,64,1.0,1008,58,
101,h,64,64,1.0,1001,58,
101,state256,64,64,1.0,,,63
102,W,64,64,1.0,1051,58,
102,Sigma1,64,64,1.0,1021,58,
102,Ch,64,64,1.0,996,58,
102,T1,64,64,1.0,1034,58,
102,Sigma0,64,64,1.0,1006,58,
102,Maj,64,64,1.0,1007,58,
102,T2,64,64,1.0,989,58,
102,a,64,64,1.0,1023,58,
102,b,64,64,1.0,1038,58,
102,c,64,64,1.0,1006,58,
102,d,64,64,1.0,1024,58,
102,e,64,64,1.0,1002,58,
102,f,64,64,1.0,997,58,
102,g,64,64,1.0,1051,58,
102,h,64,64,1.0,1008,58,
102,state256,64,64,1.0,,,63
103,W,64,64,1.0,976,58,
103,Sigma1,64,64,1.0,1018,58,
103,Ch,64,64,1.0,1011,58,
103,T1,64,64,1.0,1012,58,
103,Sigma0,64,64,1.0,1063,58,
103,Maj,64,64,1.0,1016,58,
103,T2,64,64,1.0,976,58,
103,a,64,64,1.0,1038,58,
103,b,64,64,1.0,1023,58,
103,c,64,64,1.0,1038,58,
103,d,64,64,1.0,1006,58,
103,e,64,64,1.0,1015,58,
103,f,64,64,1.0,1002,58,
103,g,64,64,1.0,997,58,
103,h,64,64,1.0,1051,58,
103,state256,64,64,1.0,,,63
104,W,64,64,1.0,1034,58,
104,Sigma1,64,64,1.0,1025,58,
104,Ch,64,64,1.0,976,58,
104,T1,64,64,1.0,1004,58,
104,Sigma0,64,64,1.0,1010,58,
104,Maj,64,64,1.0,1044,58,
104,T2,64,64,1.0,995,58,
104,a,64,64,1.0,1013,58,
104,b,64,64,1.0,1038,58,
104,c,64,64,1.0,1023,58,
104,d,64,64,1.0,1038,58,
104,e,64,64,1.0,1048,58,
104,f,64,64,1.0,1015,58,
104,g,64,64,1.0,1002,58,
104,h,64,64,1.0,997,58,
104,state256,64,64,1.0,,,63
105,W,64,64,1.0,1011,58,
105,Sigma1,64,64,1.0,1030,58,
105,Ch,64,64,1.0,997,58,
105,T1,64,64,1.0,1066,58,
105,Sigma0,64,64,1.0,1037,58,
105,Maj,64,64,1.0,1033,58,
105,T2,64,64,1.0,1039,58,
105,a,64,64,1.0,1079,58,
105,b,64,64,1.0,1013,58,
105,c,64,64,1.0,1038,58,
105,d,64,64,1.0,1023,58,
105,e,64,64,1.0,1031,58,
105,f,64,64,1.0,1048,58,
105,g,64,64,1.0,1015,58,
105,h,64,64,1.0,1002,58,
105,state256,64,64,1.0,,,63
106,W,64,64,1.0,1027,58,
106,Sigma1,64,64,1.0,1031,58,
106,Ch,64,64,1.0,1026,58,
106,T1,64,64,1.0,1036,58,
106,Sigma0,64,64,1.0,1045,58,
106,Maj,64,64,1.0,1039,58,
106,T2,64,64,1.0,1009,58,
106,a,64,64,1.0,1015,58,
106,b,64,64,1.0,1079,58,
106,c,64,64,1.0,1013,58,
106,d,64,64,1.0,1038,58,
106,e,64,64,1.0,1028,58,
106,f,64,64,1.0,1031,58,
106,g,64,64,1.0,1048,58,
106,h,64,64,1.0,1015,58,
106,state256,64,64,1.0,,,63
107,W,64,64,1.0,1031,58,
107,Sigma1,64,64,1.0,1014,58,
107,Ch,64,64,1.0,1014,58,
107,T1,64,64,1.0,1006,58,
107,Sigma0,64,64,1.0,1039,58,
107,Maj,64,64,1.0,1052,58,
107,T2,64,64,1.0,1034,58,
107,a,64,64,1.0,1019,58,
107,b,64,64,1.0,1015,58,
107,c,64,64,1.0,1079,58,
107,d,64,64,1.0,1013,58,
107,e,64,64,1.0,1049,58,
107,f,64,64,1.0,1028,58,
107,g,64,64,1.0,1031,58,
107,h,64,64,1.0,1048,58,
107,state256,64,64,1.0,,,63
108,W,64,64,1.0,1014,58,
108,Sigma1,64,64,1.0,991,58,
108,Ch,64,64,1.0,1045,58,
108,T1,64,64,1.0,1011,58,
108,Sigma0,64,64,1.0,1013,58,
108,Maj,64,64,1.0,1061,58,
108,T2,64,64,1.0,1076,58,
108,a,64,64,1.0,1010,58,
108,b,64,64,1.0,1019,58,
108,c,64,64,1.0,1015,58,
108,d,64,64,1.0,1079,58,
108,e,64,64,1.0,1020,58,
108,f,64,64,1.0,1049,58,
108,g,64,64,1.0,1028,58,
108,h,64,64,1.0,1031,58,
108,state256,64,64,1.0,,,63
109,W,64,64,1.0,1027,58,
109,Sigma1,64,64,1.0,1054,58,
109,Ch,64,64,1.0,1029,58,
109,T1,64,64,1.0,1031,58,
109,Sigma0,64,64,1.0,1014,58,
109,Maj,64,64,1.0,1009,58,
109,T2,64,64,1.0,998,58,
109,a,64,64,1.0,1019,58,
109,b,64,64,1.0,1010,58,
109,c,64,64,1.0,1019,58,
109,d,64,64,1.0,1015,58,
109,e,64,64,1.0,1008,58,
109,f,64,64,1.0,1020,58,
109,g,64,64,1.0,1049,58,
109,h,64,64,1.0,1028,58,
109,state256,64,64,1.0,,,63
110,W,64,64,1.0,998,58,
110,Sigma1,64,64,1.0,976,58,
110,Ch,64,64,1.0,1029,58,
110,T1,64,64,1.0,1043,58,
110,Sigma0,64,64,1.0,1035,58,
110,Maj,64,64,1.0,1018,58,
110,T2,64,64,1.0,1050,58,
110,a,64,64,1.0,982,58,
110,b,64,64,1.0,1019,58,
110,c,64,64,1.0,1010,58,
110,d,64,64,1.0,1019,58,
110,e,64,64,1.0,1025,58,
110,f,64,64,1.0,1008,58,
110,g,64,64,1.0,1020,58,
110,h,64,64,1.0,1049,58,
110,state256,64,64,1.0,,,63
111,W,64,64,1.0,970,58,
111,Sigma1,64,64,1.0,1023,58,
111,Ch,64,64,1.0,1058,58,
111,T1,64,64,1.0,1026,58,
111,Sigma0,64,64,1.0,1064,58,
111,Maj,64,64,1.0,996,58,
111,T2,64,64,1.0,1033,58,
111,a,64,64,1.0,1038,58,
111,b,64,64,1.0,982,58,
111,c,64,64,1.0,1019,58,
111,d,64,64,1.0,1010,58,
111,e,64,64,1.0,1011,58,
111,f,64,64,1.0,1025,58,
111,g,64,64,1.0,1008,58,
111,h,64,64,1.0,1020,58,
111,state256,64,64,1.0,,,63
112,W,64,64,1.0,1033,58,
112,Sigma1,64,64,1.0,1055,58,
112,Ch,64,64,1.0,1061,58,
112,T1,64,64,1.0,1019,58,
112,Sigma0,64,64,1.0,1042,58,
112,Maj,64,64,1.0,1037,58,
112,T2,64,64,1.0,1033,58,
112,a,64,64,1.0,1050,58,
112,b,64,64,1.0,1038,58,
112,c,64,64,1.0,982,58,
112,d,64,64,1.0,1019,58,
112,e,64,64,1.0,1052,58,
112,f,64,64,1.0,1011,58,
112,g,64,64,1.0,1025,58,
112,h,64,64,1.0,1008,58,
112,state256,64,64,1.0,,,63
113,W,64,64,1.0,1007,58,
113,Sigma1,64,64,1.0,1022,58,
113,Ch,64,64,1.0,1036,58,
113,T1,64,64,1.0,999,58,
113,Sigma0,64,64,1.0,1044,58,
113,Maj,64,64,1.0,1037,58,
113,T2,64,64,1.0,1016,58,
113,a,64,64,1.0,1011,58,
113,b,64,64,1.0,1050,58,
113,c,64,64,1.0,1038,58,
113,d,64,64,1.0,982,58,
113,e,64,64,1.0,1020,58,
113,f,64,64,1.0,1052,58,
113,g,64,64,1.0,1011,58,
113,h,64,64,1.0,1025,58,
113,state256,64,64,1.0,,,63
114,W,64,64,1.0,1026,58,
114,Sigma1,64,64,1.0,1088,58,
114,Ch,64,64,1.0,1040,58,
114,T1,64,64,1.0,991,58,
114,Sigma0,64,64,1.0,1043,58,
114,Maj,64,64,1.0,1021,58,
114,T2,64,64,1.0,1064,58,
114,a,64,64,1.0,1008,58,
114,b,64,64,1.0,1011,58,
114,c,64,64,1.0,1050,58,
114,d,64,64,1.0,1038,58,
114,e,64,64,1.0,1017,58,
114,f,64,64,1.0,1020,58,
114,g,64,64,1.0,1052,58,
114,h,64,64,1.0,1011,58,
114,state256,64,64,1.0,,,63
115,W,64,64,1.0,1034,58,
115,Sigma1,64,64,1.0,1039,58,
115,Ch,64,64,1.0,1042,58,
115,T1,64,64,1.0,1042,58,
115,Sigma0,64,64,1.0,1004,58,
115,Maj,64,64,1.0,984,58,
115,T2,64,64,1.0,1011,58,
115,a,64,64,1.0,1023,58,
115,b,64,64,1.0,1008,58,
115,c,64,64,1.0,1011,58,
115,d,64,64,1.0,1050,58,
115,e,64,64,1.0,972,58,
115,f,64,64,1.0,1017,58,
115,g,64,64,1.0,1020,58,
115,h,64,64,1.0,1052,58,
115,state256,64,64,1.0,,,63
116,W,64,64,1.0,1007,58,
116,Sigma1,64,64,1.0,1018,58,
116,Ch,64,64,1.0,999,58,
116,T1,64,64,1.0,1018,58,
116,Sigma0,64,64,1.0,961,58,
116,Maj,64,64,1.0,1029,58,
116,T2,64,64,1.0,1010,58,
116,a,64,64,1.0,1029,58,
116,b,64,64,1.0,1023,58,
116,c,64,64,1.0,1008,58,
116,d,64,64,1.0,1011,58,
116,e,64,64,1.0,1003,58,
116,f,64,64,1.0,972,58,
116,g,64,64,1.0,1017,58,
116,h,64,64,1.0,1020,58,
116,state256,64,64,1.0,,,63
117,W,64,64,1.0,1021,58,
117,Sigma1,64,64,1.0,1041,58,
117,Ch,64,64,1.0,1033,58,
117,T1,64,64,1.0,1039,58,
117,Sigma0,64,64,1.0,1023,58,
117,Maj,64,64,1.0,1031,58,
117,T2,64,64,1.0,1016,58,
117,a,64,64,1.0,1001,58,
117,b,64,64,1.0,1029,58,
117,c,64,64,1.0,1023,58,
117,d,64,64,1.0,1008,58,
117,e,64,64,1.0,1087,58,
117,f,64,64,1.0,1003,58,
117,g,64,64,1.0,972,58,
117,h,64,64,1.0,1017,58,
117,state256,64,64,1.0,,,63
118,W,64,64,1.0,1055,58,
118,Sigma1,64,64,1.0,997,58,
118,Ch,64,64,1.0,992,58,
118,T1,64,64,1.0,1003,58,
118,Sigma0,64,64,1.0,999,58,
118,Maj,64,64,1.0,1035,58,
118,T2,64,64,1.0,988,58,
118,a,64,64,1.0,1055,58,
118,b,64,64,1.0,1001,58,
118,c,64,64,1.0,1029,58,
118,d,64,64,1.0,1023,58,
118,e,64,64,1.0,1025,58,
118,f,64,64,1.0,1087,58,
118,g,64,64,1.0,1003,58,
118,h,64,64,1.0,972,58,
118,state256,64,64,1.0,,,63
119,W,64,64,1.0,1029,58,
119,Sigma1,64,64,1.0,1001,58,
119,Ch,64,64,1.0,996,58,
119,T1,64,64,1.0,1016,58,
119,Sigma0,64,64,1.0,977,58,
119,Maj,64,64,1.0,1027,58,
119,T2,64,64,1.0,1021,58,
119,a,64,64,1.0,1020,58,
119,b,64,64,1.0,1055,58,
119,c,64,64,1.0,1001,58,
119,d,64,64,1.0,1029,58,
119,e,64,64,1.0,1036,58,
119,f,64,64,1.0,1025,58,
119,g,64,64,1.0,1087,58,
119,h,64,64,1.0,1003,58,
119,state256,64,64,1.0,,,63
120,W,64,64,1.0,1003,58,
120,Sigma1,64,64,1.0,1042,58,
120,Ch,64,64,1.0,1001,58,
120,T1,64,64,1.0,1023,58,
120,Sigma0,64,64,1.0,1042,58,
120,Maj,64,64,1.0,1000,58,
120,T2,64,64,1.0,999,58,
120,a,64,64,1.0,1019,58,
120,b,64,64,1.0,1020,58,
120,c,64,64,1.0,1055,58,
120,d,64,64,1.0,1001,58,
120,e,64,64,1.0,1027,58,
120,f,64,64,1.0,1036,58,
120,g,64,64,1.0,1025,58,
120,h,64,64,1.0,1087,58,
120,state256,64,64,1.0,,,63
121,W,64,64,1.0,1014,58,
121,Sigma1,64,64,1.0,1055,58,
121,Ch,64,64,1.0,1038,58,
121,T1,64,64,1.0,1002,58,
121,Sigma0,64,64,1.0,1005,58,
121,Maj,64,64,1.0,1066,58,
121,T2,64,64,1.0,993,58,
121,a,64,64,1.0,984,58,
121,b,64,64,1.0,1019,58,
121,c,64,64,1.0,1020,58,
121,d,64,64,1.0,1055,58,
121,e,64,64,1.0,1054,58,
121,f,64,64,1.0,1027,58,
121,g,64,64,1.0,1036,58,
121,h,64,64,1.0,1025,58,
121,state256,64,64,1.0,,,63
122,W,64,64,1.0,999,58,
122,Sigma1,64,64,1.0,1040,58,
122,Ch,64,64,1.0,1011,58,
122,T1,64,64,1.0,1022,58,
122,Sigma0,64,64,1.0,1036,58,
122,Maj,64,64,1.0,996,58,
122,T2,64,64,1.0,1043,58,
122,a,64,64,1.0,975,58,
122,b,64,64,1.0,984,58,
122,c,64,64,1.0,1019,58,
122,d,64,64,1.0,1020,58,
122,e,64,64,1.0,1009,58,
122,f,64,64,1.0,1054,58,
122,g,64,64,1.0,1027,58,
122,h,64,64,1.0,1036,58,
122,state256,64,64,1.0,,,63
123,W,64,64,1.0,1019,58,
123,Sigma1,64,64,1.0,989,58,
123,Ch,64,64,1.0,1011,58,
123,T1,64,64,1.0,1027,58,
123,Sigma0,64,64,1.0,1005,58,
123,Maj,64,64,1.0,1020,58,
123,T2,64,64,1.0,1068,58,
123,a,64,64,1.0,1012,58,
123,b,64,64,1.0,975,58,
123,c,64,64,1.0,984,58,
123,d,64,64,1.0,1019,58,
123,e,64,64,1.0,1008,58,
123,f,64,64,1.0,1009,58,
123,g,64,64,1.0,1054,58,
123,h,64,64,1.0,1027,58,
123,state256,64,64,1.0,,,63
124,W,64,64,1.0,1021,58,
124,Sigma1,64,64,1.0,1022,58,
124,Ch,64,64,1.0,1013,58,
124,T1,64,64,1.0,1024,58,
124,Sigma0,64,64,1.0,1034,58,
124,Maj,64,64,1.0,989,58,
124,T2,64,64,1.0,1018,58,
124,a,64,64,1.0,974,58,
124,b,64,64,1.0,1012,58,
124,c,64,64,1.0,975,58,
124,d,64,64,1.0,984,58,
124,e,64,64,1.0,990,58,
124,f,64,64,1.0,1008,58,
124,g,64,64,1.0,1009,58,
124,h,64,64,1.0,1054,58,
124,state256,64,64,1.0,,,63
125,W,64,64,1.0,994,58,
125,Sigma1,64,64,1.0,1032,58,
125,Ch,64,64,1.0,1052,58,
125,T1,64,64,1.0,1020,58,
125,Sigma0,64,64,1.0,1018,58,
125,Maj,64,64,1.0,1015,58,
125,T2,64,64,1.0,1042,58,
125,a,64,64,1.0,1022,58,
125,b,64,64,1.0,974,58,
125,c,64,64,1.0,1012,58,
125,d,64,64,1.0,975,58,
125,e,64,64,1.0,1003,58,
125,f,64,64,1.0,990,58,
125,g,64,64,1.0,1008,58,
125,h,64,64,1.0,1009,58,
125,state256,64,64,1.0,,,63
126,W,64,64,1.0,1001,58,
126,Sigma1,64,64,1.0,1027,58,
126,Ch,64,64,1.0,1009,58,
126,T1,64,64,1.0,1049,58,
126,Sigma0,64,64,1.0,1012,58,
126,Maj,64,64,1.0,1038,58,
126,T2,64,64,1.0,1046,58,
126,a,64,64,1.0,1000,58,
126,b,64,64,1.0,1022,58,
126,c,64,64,1.0,974,58,
126,d,64,64,1.0,1012,58,
126,e,64,64,1.0,1009,58,
126,f,64,64,1.0,1003,58,
126,g,64,64,1.0,990,58,
126,h,64,64,1.0,1008,58,
126,state256,64,64,1.0,,,63
127,W,64,64,1.0,1019,58,
127,Sigma1,64,64,1.0,1009,58,
127,Ch,64,64,1.0,1051,58,
127,T1,64,64,1.0,1026,58,
127,Sigma0,64,64,1.0,1064,58,
127,Maj,64,64,1.0,1031,58,
127,T2,64,64,1.0,1034,58,
127,a,64,64,1.0,1001,58,
127,b,64,64,1.0,1000,58,
127,c,64,64,1.0,1022,58,
127,d,64,64,1.0,974,58,
127,e,64,64,1.0,1053,58,
127,f,64,64,1.0,1009,58,
127,g,64,64,1.0,1003,58,
127,h,64,64,1.0,990,58,
127,state256,64,64,1.0,,,63
